{
  "data": {
    "users": {
      "6288227352459@s.whatsapp.net": {
        "premiumExpiry": 0
      },
      "919485490229@s.whatsapp.net": {
        "premiumExpiry": 0
      },
      "916909137213@s.whatsapp.net": {
        "premiumExpiry": 0
      },
      "120363355590049145@newsletter": {
        "premiumExpiry": 0
      },
      "919366316018@s.whatsapp.net": {
        "premiumExpiry": 0
      },
      "120363222395675670@newsletter": {
        "premiumExpiry": 0
      },
      "212774827104@s.whatsapp.net": {
        "premiumExpiry": 0
      },
      "919402104403@s.whatsapp.net": {
        "premiumExpiry": 0
      },
      "555197030059@s.whatsapp.net": {
        "premiumExpiry": 0
      },
      "48699515274@s.whatsapp.net": {
        "premiumExpiry": 0
      },
      "48699510540@s.whatsapp.net": {
        "premiumExpiry": 0
      },
      "48699546543@s.whatsapp.net": {
        "premiumExpiry": 0
      },
      "15517868419@s.whatsapp.net": {
        "premiumExpiry": 0
      },
      "966546389786@s.whatsapp.net": {
        "premiumExpiry": 0
      },
      "919012008456@s.whatsapp.net": {
        "premiumExpiry": 0
      },
      "923326428490@s.whatsapp.net": {
        "premiumExpiry": 0
      },
      "120363313264102208@newsletter": {
        "premiumExpiry": 0
      },
      "923108218439@s.whatsapp.net": {
        "premiumExpiry": 0
      },
      "919234128094@s.whatsapp.net": {
        "premiumExpiry": 0
      },
      "923113738890@s.whatsapp.net": {
        "premiumExpiry": 0
      },
      "923017923526@s.whatsapp.net": {
        "premiumExpiry": 0
      },
      "923194999455@s.whatsapp.net": {
        "premiumExpiry": 0
      },
      "916396271075@s.whatsapp.net": {
        "premiumExpiry": 0
      },
      "923106856271@s.whatsapp.net": {
        "premiumExpiry": 0
      },
      "120363180342676084@newsletter": {
        "premiumExpiry": 0
      },
      "919012129091@s.whatsapp.net": {
        "premiumExpiry": 0
      },
      "919458633603@s.whatsapp.net": {
        "premiumExpiry": 0
      },
      "923082898698@s.whatsapp.net": {
        "premiumExpiry": 0
      },
      "923704494742@s.whatsapp.net": {
        "premiumExpiry": 0
      },
      "8801313548349@s.whatsapp.net": {
        "premiumExpiry": 0
      },
      "923069262879@s.whatsapp.net": {
        "premiumExpiry": 0
      },
      "918899292490@s.whatsapp.net": {
        "premiumExpiry": 0
      },
      "918867169094@s.whatsapp.net": {
        "premiumExpiry": 0
      },
      "917466008456@s.whatsapp.net": {
        "premiumExpiry": 0
      },
      "120363387791500799@newsletter": {
        "premiumExpiry": 0
      },
      "917902026131@s.whatsapp.net": {
        "premiumExpiry": 0
      },
      "120363217392017033@newsletter": {
        "premiumExpiry": 0
      },
      "918937923454@s.whatsapp.net": {
        "premiumExpiry": 0
      },
      "918057881058@s.whatsapp.net": {
        "premiumExpiry": 0
      },
      "919548832203@s.whatsapp.net": {
        "premiumExpiry": 0
      },
      "918476099848@s.whatsapp.net": {
        "premiumExpiry": 0
      }
    }
  }
}